index,x,y,z,x_u16,y_u16,z_u16
0,-11215,32,-6400,54321,32,59136
1,-10912,32,-6400,54624,32,59136
2,-10912,32,-6144,54624,32,59392
3,-11127,32,-6144,54409,32,59392
4,-11216,32,-6656,54320,32,58880
5,-10912,32,-6656,54624,32,58880
6,-11120,32,-6912,54416,32,58624
7,-10912,32,-6912,54624,32,58624
8,-11056,32,-7168,54480,32,58368
9,-10912,32,-7168,54624,32,58368
10,-8736,0,-7168,56800,0,58368
11,-8206,0,-7168,57330,0,58368
12,-8195,0,-6656,57341,0,58880
13,-8736,0,-6656,56800,0,58880
14,-8185,0,-6144,57351,0,59392
15,-8736,0,-6144,56800,0,59392
16,-7435,0,-6717,58101,0,58819
17,-7464,0,-6266,58072,0,59270
18,-7407,0,-7168,58129,0,58368
19,-6574,0,-7133,58962,0,58403
20,-6588,0,-6682,58948,0,58854
21,-6631,0,-6197,58905,0,59339
22,-12191,1800,-7216,53345,1800,58320
23,-12191,1369,-7216,53345,1369,58320
24,-11963,1422,-6293,53573,1422,59243
25,-11963,1835,-6293,53573,1835,59243
26,-11958,901,-7340,53578,901,58196
27,-11958,573,-7340,53578,573,58196
28,-11811,624,-6439,53725,624,59097
29,-11811,927,-6439,53725,927,59097
30,-12191,2231,-7216,53345,2231,58320
31,-11963,2247,-6293,53573,2247,59243
32,-11958,1228,-7340,53578,1228,58196
33,-11811,1229,-6439,53725,1229,59097
34,-12462,2432,-7075,53074,2432,58461
35,-12203,2432,-6178,53333,2432,59358
36,-11229,464,-7168,54307,464,58368
37,-11229,64,-7168,54307,64,58368
38,-11421,64,-6912,54115,64,58624
39,-11421,464,-6912,54115,464,58624
40,-11421,64,-6400,54115,64,59136
41,-11421,464,-6400,54115,464,59136
42,-11245,704,-7160,54291,704,58376
43,-11213,672,-7176,54323,672,58360
44,-11405,672,-6904,54131,672,58632
45,-11437,704,-6920,54099,704,58616
46,-11213,480,-7176,54323,480,58360
47,-11405,480,-6904,54131,480,58632
48,-11405,672,-6400,54131,672,59136
49,-11437,704,-6400,54099,704,59136
50,-11405,480,-6400,54131,480,59136
51,-11088,64,-7168,54448,64,58368
52,-11152,64,-6912,54384,64,58624
53,-11248,64,-6656,54288,64,58880
54,-11421,64,-6656,54115,64,58880
55,-11247,64,-6400,54289,64,59136
56,-11159,64,-6144,54377,64,59392
57,-11421,64,-6144,54115,64,59392
58,-8928,3,-6656,56608,3,58880
59,-8864,3,-6656,56672,3,58880
60,-8864,3,-6400,56672,3,59136
61,-8928,3,-6400,56608,3,59136
62,-9984,3,-7168,55552,3,58368
63,-9952,3,-7168,55584,3,58368
64,-9952,3,-6912,55584,3,58624
65,-9984,3,-6912,55552,3,58624
66,-10144,3,-7168,55392,3,58368
67,-10112,3,-7168,55424,3,58368
68,-10112,3,-6912,55424,3,58624
69,-10144,3,-6912,55392,3,58624
70,-8928,3,-6912,56608,3,58624
71,-8864,3,-6912,56672,3,58624
72,-9952,3,-6656,55584,3,58880
73,-9984,3,-6656,55552,3,58880
74,-10112,3,-6656,55424,3,58880
75,-10144,3,-6656,55392,3,58880
76,-8928,3,-7168,56608,3,58368
77,-8864,3,-7168,56672,3,58368
78,-9952,3,-6400,55584,3,59136
79,-9984,3,-6400,55552,3,59136
80,-10112,3,-6400,55424,3,59136
81,-10144,3,-6400,55392,3,59136
82,-8864,3,-6144,56672,3,59392
83,-8928,3,-6144,56608,3,59392
84,-9952,3,-6144,55584,3,59392
85,-9984,3,-6144,55552,3,59392
86,-10112,3,-6144,55424,3,59392
87,-10144,3,-6144,55392,3,59392
88,-8868,3,-7168,56668,3,58368
89,-8868,464,-7168,56668,464,58368
90,-8844,464,-7154,56692,464,58382
91,-8844,3,-7154,56692,3,58382
92,-10010,35,-7154,55526,35,58382
93,-10010,464,-7154,55526,464,58382
94,-9986,464,-7168,55550,464,58368
95,-9986,35,-7168,55550,35,58368
96,-10112,35,-6912,55424,35,58624
97,-10112,35,-6656,55424,35,58880
98,-9984,35,-6912,55552,35,58624
99,-9984,35,-6656,55552,35,58880
100,-10112,35,-7168,55424,35,58368
101,-9984,35,-7168,55552,35,58368
102,-9984,35,-6400,55552,35,59136
103,-9984,35,-6144,55552,35,59392
104,-10112,35,-6400,55424,35,59136
105,-10112,35,-6144,55424,35,59392
106,-10816,32,-7168,54720,32,58368
107,-10816,32,-6912,54720,32,58624
108,-10816,0,-7168,54720,0,58368
109,-10816,0,-6912,54720,0,58624
110,-10816,32,-6656,54720,32,58880
111,-10816,0,-6656,54720,0,58880
112,-10816,32,-6400,54720,32,59136
113,-10816,0,-6400,54720,0,59136
114,-10816,32,-6144,54720,32,59392
115,-10816,0,-6144,54720,0,59392
116,-10636,0,-6400,54900,0,59136
117,-10636,0,-6144,54900,0,59392
118,-10636,0,-6656,54900,0,58880
119,-10636,0,-6912,54900,0,58624
120,-10636,0,-7168,54900,0,58368
121,-10496,0,-6400,55040,0,59136
122,-10356,0,-6400,55180,0,59136
123,-10356,0,-6144,55180,0,59392
124,-10496,0,-6144,55040,0,59392
125,-10496,0,-6656,55040,0,58880
126,-10356,0,-6656,55180,0,58880
127,-10496,0,-6912,55040,0,58624
128,-10356,0,-6912,55180,0,58624
129,-10496,0,-7168,55040,0,58368
130,-10356,0,-7168,55180,0,58368
131,-10176,0,-6400,55360,0,59136
132,-10176,0,-6144,55360,0,59392
133,-10176,0,-6656,55360,0,58880
134,-10176,0,-6912,55360,0,58624
135,-10176,0,-7168,55360,0,58368
136,-9920,0,-6656,55616,0,58880
137,-9880,0,-6656,55656,0,58880
138,-9880,0,-6400,55656,0,59136
139,-9920,0,-6400,55616,0,59136
140,-9920,0,-7168,55616,0,58368
141,-9880,0,-7168,55656,0,58368
142,-9880,0,-6912,55656,0,58624
143,-9920,0,-6912,55616,0,58624
144,-8960,0,-6656,56576,0,58880
145,-9000,0,-6656,56536,0,58880
146,-9000,0,-6912,56536,0,58624
147,-8960,0,-6912,56576,0,58624
148,-8960,0,-6144,56576,0,59392
149,-9000,0,-6144,56536,0,59392
150,-9000,0,-6400,56536,0,59136
151,-8960,0,-6400,56576,0,59136
152,-9880,0,-6144,55656,0,59392
153,-9920,0,-6144,55616,0,59392
154,-9000,0,-7168,56536,0,58368
155,-8960,0,-7168,56576,0,58368
156,-8864,67,-6656,56672,67,58880
157,-8864,67,-6400,56672,67,59136
158,-8864,67,-6912,56672,67,58624
159,-8864,67,-7168,56672,67,58368
160,-8864,67,-6144,56672,67,59392
161,-9109,0,-7168,56427,0,58368
162,-9109,0,-6912,56427,0,58624
163,-9109,0,-6656,56427,0,58880
164,-9109,0,-6400,56427,0,59136
165,-9769,0,-6400,55767,0,59136
166,-9769,0,-6144,55767,0,59392
167,-9769,0,-6656,55767,0,58880
168,-9769,0,-6912,55767,0,58624
169,-9769,0,-7168,55767,0,58368
170,-9109,0,-6144,56427,0,59392
171,-9660,0,-6400,55876,0,59136
172,-9660,0,-6144,55876,0,59392
173,-9660,0,-6656,55876,0,58880
174,-9660,0,-6912,55876,0,58624
175,-9660,0,-7168,55876,0,58368
176,-9549,0,-6400,55987,0,59136
177,-9549,0,-6144,55987,0,59392
178,-9549,0,-6656,55987,0,58880
179,-9549,0,-6912,55987,0,58624
180,-9549,0,-7168,55987,0,58368
181,-9220,0,-7168,56316,0,58368
182,-9220,0,-6912,56316,0,58624
183,-9440,0,-6400,56096,0,59136
184,-9440,0,-6144,56096,0,59392
185,-9440,0,-6656,56096,0,58880
186,-9440,0,-6912,56096,0,58624
187,-9440,0,-7168,56096,0,58368
188,-9220,0,-6656,56316,0,58880
189,-9220,0,-6400,56316,0,59136
190,-9220,0,-6144,56316,0,59392
191,-9329,0,-6400,56207,0,59136
192,-9329,0,-6144,56207,0,59392
193,-9329,0,-6656,56207,0,58880
194,-9329,0,-6912,56207,0,58624
195,-9329,0,-7168,56207,0,58368
196,-8722,35,-7139,56814,35,58397
197,-8646,35,-7093,56890,35,58443
198,-8629,5,-7108,56907,5,58428
199,-8678,5,-7139,56858,5,58397
200,-8339,34,-7164,57197,34,58372
201,-8339,34,-7113,57197,34,58423
202,-8415,34,-7093,57121,34,58443
203,-8415,34,-7185,57121,34,58351
204,-8339,4,-7129,57197,4,58407
205,-8415,4,-7108,57121,4,58428
206,-8646,35,-7185,56890,35,58351
207,-8629,5,-7170,56907,5,58366
208,-8415,4,-7170,57121,4,58366
209,-8339,4,-7149,57197,4,58387
210,-8357,373,-7139,57179,373,58397
211,-8696,374,-7139,56840,374,58397
212,-8697,35,-7139,56839,35,58397
213,-8358,34,-7139,57178,34,58397
214,-8720,88,-6531,56816,88,59005
215,-8567,87,-6440,56969,87,59096
216,-8541,10,-6454,56995,10,59082
217,-8644,11,-6531,56892,11,59005
218,-8311,86,-6607,57225,86,58929
219,-8567,87,-6621,56969,87,58915
220,-8541,10,-6608,56995,10,58928
221,-8312,9,-6595,57224,9,58941
222,-8311,85,-6454,57225,85,59082
223,-8425,86,-6454,57111,86,59082
224,-8425,86,-6607,57111,86,58929
225,-8312,9,-6467,57224,9,59069
226,-8568,126,-6531,56968,126,59005
227,-8517,125,-6467,57019,125,59069
228,-8568,87,-6454,56968,87,59082
229,-8619,88,-6531,56917,88,59005
230,-8568,87,-6607,56968,87,58929
231,-8438,125,-6595,57098,125,58941
232,-8517,126,-6595,57019,126,58941
233,-8438,125,-6467,57098,125,59069
234,-8438,125,-6531,57098,125,59005
235,-8736,3,-6656,56800,3,58880
236,-8736,3,-6400,56800,3,59136
237,-8736,3,-6144,56800,3,59392
238,-8736,3,-6912,56800,3,58624
239,-8736,3,-7168,56800,3,58368
240,-9852,483,-6272,55684,483,59264
241,-10044,483,-6272,55492,483,59264
242,-10044,387,-6272,55492,387,59264
243,-9852,387,-6272,55684,387,59264
244,-10044,35,-6277,55492,35,59259
245,-10044,35,-6266,55492,35,59270
246,-10044,483,-6266,55492,483,59270
247,-10044,483,-6277,55492,483,59259
248,-10054,35,-6272,55482,35,59264
249,-10054,483,-6272,55482,483,59264
